fecha,cancha,inicio,categoria,local,visitante
2023-10-14,C1,09:20,Sub 11 Avanzado A,River Plate,Super Campeones
2023-10-14,C1,10:10,Sub 11 Avanzado B,Planeta FC,Oriente Petrolero
2023-10-14,C1,11:00,Sub 11 Avanzado B,Blooming,Torito García
2023-10-14,C1,11:50,Sub 9 Inicial,Torito García,Real FC
2023-10-14,C1A,08:00,Sub 5,JMP Soccer,Leones
2023-10-14,C1A,08:40,Sub 6 B,JMP Academy,Maravillita
2023-10-14,C1B,08:00,Sub 6 A,JMP Soccer,Panteras FC
2023-10-14,C1B,08:40,Sub 6 B,Super Campeones,Planeta FC
2023-10-14,C2,08:00,Sub 8 Inicial,Leoncitos,Real FC
2023-10-14,C2,08:50,Sub 10 Inicial,Inter Star,Leones PFC
2023-10-14,C2,09:40,Sub 10 Avanzado,JMP Soccer,Leones
2023-10-14,C2,10:30,Sub 10 Avanzado,Planeta FC,Libertad
2023-10-14,C2,11:20,Sub 11 Inicial,JMP Soccer,Inter Star
2023-10-14,C2,12:10,Sub 11 Inicial,Real FC,Petrolero
2023-10-14,C3,08:00,Sub 12 A,Oriente Petrolero,Planeta FC
2023-10-14,C3,09:00,Sub 12 B,Atlético Juniors,Crack FC
2023-10-14,C3,10:00,Sub 15,JMP Academy,River Plate
2023-10-14,C3,11:10,Sub 13 B,Inter Star,Atlético Juniors
2023-10-15,C1,08:40,Sub 9 Avanzado,Super Campeones,Atlético Juniors
2023-10-15,C1,10:10,Sub 9 Avanzado,JMP Academy,River Plate
2023-10-15,C1,11:50,Sub 9 Avanzado,Maquinita,Planeta FC
2023-10-15,C1,12:40,Sub 9 Inicial,Leones,Inter Star
2023-10-15,C1,13:30,Sub 9 Inicial,River Plate,Leoncitos
2023-10-15,C1A,08:00,Sub 6 A,Atlético Juniors,De Taquito
2023-10-15,C1A,09:20,Sub 6 A,River Plate,Atlético Juniors
2023-10-15,C1B,08:00,Sub 6 B,JMP Academy,Planeta FC
2023-10-15,C1B,09:20,Sub 6 A,Panteras FC,De Taquito
2023-10-15,C2,08:00,Sub 8 Inicial,JMP Soccer,Super Campeones
2023-10-15,C2,08:50,Sub 7,JMP Soccer,Planeta FC
2023-10-15,C2,09:40,Sub 7,River Plate,Maquinita
2023-10-15,C2,10:30,Sub 8 Avanzado,JMP Academy,River Plate
2023-10-15,C2,11:20,Sub 8 Avanzado,Crack FC,Planeta FC
2023-10-15,C2,12:10,Sub 7,Crack FC,Atlético Juniors
2023-10-15,C2,13:00,Sub 8 Inicial,Blooming,De Taquito
2023-10-15,C3,08:00,Sub 15,Petrolero,JMP Soccer
2023-10-15,C3,08:50,Sub 12 A,JMP Soccer,Juniors
2023-10-15,C3,10:30,Sub 15,Planeta FC,West Riders
2023-10-15,C3,13:50,Sub 13 B,JMP Academy,Torito García
